id,label
3098421349,bot
554067867,bot
256597786,bot
103351486,bot
199973582,bot
22942001,bot
338914454,bot
139758430,bot
2174620748,bot
3264569385,bot
15109265,bot
724324885,bot
35457209,bot
83683408,bot
575402168,bot
2512221956,bot
3018439679,bot
434308370,bot
3295996710,bot
167561205,bot
1068221456,bot
3673821932,bot
72126063,bot
3233845421,bot
16313297,bot
628493945,bot
523247729,bot
2312109649,bot
3294732860,bot
2838900554,bot
403078748,bot
1390556054,bot
21125645,bot
35289761,bot
1467026630,bot
2784221536,bot
321519271,bot
2802302704,bot
3581994913,bot
312931148,bot
961897154,bot
2687223536,bot
154155992,bot
258478116,bot
2961735746,bot
611657123,bot
82323247,bot
2244794124,bot
3393094667,bot
4128024430,bot
857490530,bot
474263130,bot
3231663692,bot
128466477,bot
854201534,bot
1254765698,bot
476919617,bot
1682313314,bot
2960981093,bot
3287695303,bot
202539396,bot
2900371521,bot
121857594,bot
124640990,bot
51948170,bot
2953167296,bot
2803341352,bot
166882121,bot
2965914446,bot
2986196889,bot
2853501332,bot
2201333669,bot
3979873394,bot
12595312,bot
47499461,bot
3223536685,bot
889795548,bot
29086373,bot
2231476190,bot
123214345,bot
17861479,bot
390146736,bot
10086382,bot
3165751084,bot
1630352731,bot
193372339,bot
116010130,bot
2797875551,bot
569043660,bot
3009372480,bot
3083900914,bot
82425278,bot
2971761881,bot
2903675308,bot
14046314,bot
1864506978,bot
616303909,bot
564538442,bot
449255296,bot
3506030840,bot
2394624993,bot
4302224242,bot
55662988,bot
830163432,bot
35950289,bot
2394940873,bot
3199919103,bot
264121073,bot
3976414213,bot
3282398730,bot
1413000943,bot
2880393984,bot
455567062,bot
3422980817,bot
2363099551,bot
16724972,bot
881182314,bot
82570028,bot
3244584983,bot
463193055,bot
386582662,bot
3299614305,bot
250231768,bot
422028183,bot
472588972,bot
4601655193,bot
219874207,bot
4383007034,bot
2391701899,bot
348847009,bot
1477753758,bot
2559048510,bot
2893011943,bot
527681453,bot
35134309,bot
3343397847,bot
505833082,bot
3291174194,bot
3315537879,bot
1908756390,bot
3166053603,bot
593481765,bot
1383114716,bot
969397086,bot
956123437,bot
637056372,bot
788612149,bot
472532911,bot
165448700,bot
171134107,bot
34953652,bot
868796322,bot
580001344,bot
116993598,bot
360596538,bot
2957206289,bot
90905432,bot
190754647,bot
3313759618,bot
2965318498,bot
1343037642,bot
1131784363,bot
1174900730,bot
104895413,bot
4000918709,bot
955350116,bot
1341355722,bot
460332176,bot
863278244,bot
458167829,bot
2512155349,bot
567588156,bot
3287226222,bot
3242533095,bot
3410625701,bot
23973435,bot
349113353,bot
2935260660,bot
4314820157,bot
3034488080,bot
3164188794,bot
61766010,bot
1291136252,bot
2874039644,bot
173751500,bot
516632569,bot
261084272,bot
3154590891,bot
3471601759,bot
764179099,bot
3387153855,bot
4242657261,bot
13630852,bot
481673572,bot
1378871144,bot
2714388032,bot
2293099507,bot
238160951,bot
276591681,bot
2581583929,bot
3962411603,bot
155790304,bot
202974156,bot
3303432793,bot
54263355,bot
3250222040,bot
16198774,bot
194139854,bot
2884456853,bot
1587081356,bot
1700033959,bot
3891754217,bot
702278455,bot
1605070976,bot
712847001,bot
12052952,bot
283113965,bot
2817823998,bot
2189291576,bot
2990025622,bot
67679771,bot
22263651,bot
104899180,bot
51474841,bot
848068296,bot
2864106887,bot
394693980,bot
304913975,bot
3257929151,bot
85164850,bot
3415512285,bot
3967868833,bot
1633515085,bot
3287027977,bot
4274498962,bot
2173761470,bot
452462357,bot
824978402,bot
2348612642,bot
3435945359,bot
18588919,bot
1386364014,bot
71560604,bot
838502514,bot
22297031,bot
3251455231,bot
272383381,bot
3382640066,bot
34938685,bot
149765637,bot
2241040843,bot
2749819601,bot
3354034151,bot
1941596719,bot
3032272031,bot
2362805646,bot
426501554,bot
4172221638,bot
3287882455,bot
704523342,bot
40882376,bot
4104904392,bot
259398560,bot
543113548,bot
50438882,bot
1050096331,bot
3200925057,bot
3257925073,bot
39194666,bot
1357774098,bot
2243111964,bot
253554752,bot
4004311695,bot
4340912892,bot
98725558,bot
2561434105,bot
3708114795,bot
3041385205,bot
2953542846,bot
2426865811,bot
1978839685,bot
162770784,bot
52398403,bot
179968583,bot
4223896820,bot
3177501559,bot
3728280500,bot
46466493,bot
3250678471,bot
3339714441,bot
347692993,bot
3267489874,bot
347397831,bot
17831065,bot
2284100936,bot
1054172714,bot
902660155,bot
291807276,bot
3075701916,bot
263590963,bot
3015205673,bot
15301343,bot
2151712344,bot
2618602598,bot
72793593,bot
505000901,bot
120388905,bot
2442864796,bot
484698262,bot
2871008877,bot
1106935134,bot
4368286333,bot
104449942,bot
238968490,bot
3299544374,bot
1531168874,bot
3287534414,bot
2555897181,bot
2243449855,bot
45805059,bot
3313546470,bot
3944740275,bot
223900261,bot
3130980117,bot
3229067995,bot
377767865,bot
2916294697,bot
295864227,bot
2286005470,bot
290499084,bot
41161102,bot
485960656,bot
63676663,bot
316109708,bot
3251632475,bot
2966100624,bot
2342739973,bot
3494699914,bot
109170521,bot
3703243514,bot
3077047801,bot
147495812,bot
1961028044,bot
2749195232,bot
2188582026,bot
82101274,bot
3237436366,bot
605565315,bot
1684444903,bot
4358872343,bot
41365886,bot
436100252,bot
388274900,bot
135563795,bot
525685170,bot
23041645,bot
3463464796,bot
2295261625,bot
58997732,bot
22333656,bot
291615891,bot
106281577,bot
3829803932,bot
91450870,bot
773679619,bot
2320579934,bot
44001801,bot
15522756,bot
544382991,bot
3252788801,bot
2961731166,bot
2868782895,bot
78465193,bot
568579411,bot
1651736654,bot
2903627705,bot
387038254,bot
3032426165,bot
80999737,bot
4080075975,bot
4278258021,bot
2432695399,bot
4038367361,bot
3227372866,bot
198912491,bot
875124919,bot
1536911095,bot
2619185548,bot
3289231435,bot
544678058,bot
111972836,bot
295603097,bot
2971319719,bot
299394251,bot
1715866932,bot
3566757674,bot
3421470951,bot
2905394860,bot
3244706724,bot
980236250,bot
3860569152,bot
326369679,bot
2399877985,bot
3593771535,bot
95108455,bot
1101549631,bot
3160976631,bot
78054341,bot
40336947,bot
59073984,bot
18847106,bot
3357946692,bot
73141088,bot
191123444,bot
2238437917,bot
2412972607,bot
224039405,bot
3063996721,bot
3734470346,bot
2866224657,bot
3225052286,bot
3012362696,bot
317049274,bot
3318703632,bot
3247113450,bot
26297156,bot
92840722,bot
1449155815,bot
2361049553,bot
1394548280,bot
3177061729,bot
321436860,bot
4067940749,bot
576499978,bot
461197718,bot
2512664264,bot
2249090276,bot
3095754327,bot
416366381,bot
3435134091,bot
3258491597,bot
3181441434,bot
24922764,bot
330597583,bot
3131503199,bot
2185310671,bot
2292832332,bot
39586129,bot
339366591,bot
3250192861,bot
118807279,bot
1476991075,bot
706835023,bot
86691503,bot
121422723,bot
428161313,bot
252499305,bot
615419877,bot
25622254,bot
3679821383,bot
264491208,bot
1847841714,bot
3387512331,bot
2381471500,bot
105786020,bot
1916953958,bot
3337612493,bot
2733938400,bot
4188494007,bot
465934469,bot
473556033,bot
242821575,bot
483194292,bot
2833854266,bot
253030995,bot
2901926526,bot
45459291,bot
425501261,bot
3160187534,bot
87480775,bot
3177024890,bot
1284586999,bot
231214259,bot
3178168125,bot
2812540626,bot
2839975385,bot
3282462541,bot
563640153,bot
149148123,bot
3322210328,bot
709602894,bot
2994337777,bot
1209812090,bot
1097590657,bot
2293801410,bot
2435346834,bot
256342733,bot
252922634,bot
113200771,bot
236580395,bot
108448895,bot
2409008486,bot
75074429,bot
452297933,bot
4142993113,bot
2502317748,bot
1143504584,bot
2918873840,bot
1651183375,bot
3303855346,bot
284112256,bot
3201005265,bot
3074829696,bot
3862072934,bot
385904339,bot
19730650,bot
3149682218,bot
2835691706,bot
132962961,bot
24594398,bot
18027311,bot
612521318,bot
40307567,bot
4517021320,bot
28137647,bot
3026180435,bot
1639245974,bot
288061685,bot
3430082386,bot
448994100,bot
3400714546,bot
151717207,bot
3953605933,bot
717985927,bot
3281628907,bot
115480038,bot
2864723044,bot
94274816,bot
3148448571,bot
343033496,bot
1628775798,bot
240399054,bot
2241973103,bot
250216906,bot
40122045,bot
1955693167,bot
17611734,bot
901571228,bot
234643375,bot
2401319456,bot
84722723,bot
2947602791,bot
2462643037,bot
2310916754,bot
1095760777,bot
576341696,bot
17373329,bot
367189092,bot
3269846737,bot
3392865693,bot
2244351768,bot
3051226182,bot
339360417,bot
17815585,bot
27187128,bot
2242313196,bot
28845134,bot
3332419978,bot
1316215032,bot
4084149018,bot
2853096616,bot
2389459800,bot
2956070925,bot
227697541,bot
144762144,bot
3313193810,bot
3454511422,bot
363068363,bot
2750217476,bot
24183367,bot
3244714110,bot
2464953955,bot
3233325308,bot
2895032444,bot
3292941550,bot
33211168,bot
3383239815,bot
3385967848,bot
41401673,bot
3152501892,bot
1569475945,bot
505110999,bot
799529424,bot
3312653851,bot
3688450693,bot
3014398348,bot
282966767,bot
587035713,bot
3219687284,bot
3438185938,bot
14626205,bot
4157896858,bot
3320971104,bot
168437973,bot
112802789,bot
909537120,bot
2751596682,bot
1515532488,bot
56843122,bot
3387713409,bot
3625395143,bot
892569745,bot
2175697710,bot
3432336101,bot
2952698183,bot
533388903,bot
260866109,bot
3167484837,bot
27051027,bot
32737005,bot
3378614589,bot
2865679427,bot
63524061,bot
2574267014,bot
224252173,bot
3692158217,bot
2309509747,bot
2951281068,bot
3244949806,bot
512276319,bot
3199654396,bot
292005138,bot
2995344139,bot
3145976002,bot
3184592250,bot
3396939995,bot
3160025664,bot
2482090896,bot
1035280226,bot
17621767,bot
3483877814,bot
3309257997,bot
3241481532,bot
250972909,bot
3243073841,bot
1661470322,bot
2741930067,bot
463256144,bot
3709252467,bot
260800657,bot
703335756,bot
29488860,bot
21336054,bot
90880405,bot
181572101,bot
2758991280,bot
935717924,bot
375437372,bot
843730418,bot
122646992,human
1031655967,human
333143589,human
393578483,human
2366156712,human
727448640,human
477989973,human
3268602666,human
47241295,human
15976691,human
28747261,human
108425531,human
2998417670,human
1124003922,human
791780606,human
323288281,human
2856107910,human
612999090,human
2372338144,human
1233652698,human
858038708,human
433617525,human
57197093,human
315476130,human
35528306,human
31457139,human
574270581,human
3188365045,human
570456177,human
56207114,human
445142568,human
484731323,human
2855378633,human
2582740788,human
1058270342,human
3384265881,human
121230858,human
3060478163,human
406409513,human
3949010962,human
3236736642,human
346866777,human
1111607167,human
334653607,human
3288842234,human
2824442557,human
1239749712,human
81775109,human
21665671,human
2557828094,human
2809209216,human
2484523928,human
1146556242,human
988412814,human
479258753,human
1287101636,human
112165657,human
1688566994,human
2225455784,human
2805340929,human
379521795,human
16478990,human
188084143,human
122028183,human
759301404,human
2471384604,human
2614587271,human
1626740209,human
29262091,human
4138138633,human
38514217,human
2386674962,human
4627816519,human
352200933,human
280160615,human
612008802,human
971005488,human
2448430657,human
2898613700,human
276837866,human
485875150,human
20100340,human
1511686806,human
2604430016,human
246377868,human
90638768,human
903073842,human
4415645845,human
95760717,human
1661700032,human
1896488527,human
260848068,human
1703381502,human
1105326235,human
3713829252,human
551275129,human
613744186,human
4097930772,human
1308605071,human
264288300,human
329191487,human
2522367901,human
701628758,human
211709952,human
3401279579,human
87592296,human
3312287280,human
97026960,human
609101738,human
391778402,human
55776825,human
603333105,human
35798732,human
1240102604,human
468051558,human
81266106,human
2541380852,human
268751128,human
1709484829,human
2277481329,human
703165878,human
135563416,human
2361870980,human
595155450,human
101543796,human
49775161,human
307518247,human
857313176,human
72191001,human
563940506,human
1473009950,human
31539524,human
2819670100,human
2195466974,human
1913843024,human
2615353014,human
19079207,human
398069665,human
220494041,human
350114766,human
2329415154,human
104451533,human
38518613,human
297149422,human
1077652021,human
213335073,human
127110363,human
561631178,human
271458239,human
2409498510,human
1656202724,human
1690030483,human
4552933181,human
736016430,human
3005999630,human
479044373,human
546624895,human
2275266018,human
738612918,human
236486106,human
313028442,human
2941331162,human
124327640,human
133977689,human
27725752,human
1948867633,human
493497789,human
2836678623,human
1241880661,human
610485717,human
312384683,human
842829588,human
1436693034,human
3262737960,human
1056650594,human
1399878871,human
2577843735,human
2502597096,human
400557314,human
163024833,human
1466703355,human
494395788,human
332579042,human
2746337628,human
3986746283,human
39001193,human
80544850,human
135693647,human
840642788,human
2965536592,human
2606949881,human
706305578,human
2165899508,human
846476335,human
1112944590,human
301071486,human
512669661,human
1415981090,human
376012638,human
276885764,human
1037011,human
2290331999,human
365297032,human
1534906297,human
972830029,human
427061639,human
2310280190,human
291962808,human
135385302,human
2167561110,human
3258324619,human
1914668192,human
2586402938,human
3461663056,human
359617996,human
1167422912,human
63372653,human
2223496619,human
2470014818,human
3022830775,human
19307503,human
16375609,human
83291728,human
1105558410,human
942445988,human
2463415592,human
59279806,human
400088165,human
37530732,human
233688382,human
154573594,human
1267891381,human
2311146085,human
2817888651,human
554958519,human
1352111719,human
602741040,human
794155152,human
29909108,human
264700057,human
240576397,human
2990291701,human
352825934,human
613080314,human
537823836,human
271242521,human
3189277430,human
3286661012,human
35413411,human
1287087210,human
93576951,human
313357514,human
371557860,human
15296102,human
2352569820,human
3987939853,human
81305759,human
96139671,human
403173316,human
1717666435,human
906758731,human
3101509017,human
1890821762,human
1409004344,human
353556149,human
324379088,human
1941877892,human
41135292,human
481016648,human
2578810325,human
2261482576,human
4067937256,human
986498262,human
118504705,human
30485864,human
253466136,human
1077249764,human
11117662,human
476691783,human
1976043619,human
146428363,human
496651835,human
284044309,human
3101474948,human
166654232,human
351222498,human
408737153,human
3119665997,human
2173167453,human
53876295,human
436978148,human
1624050403,human
2535527754,human
1477585832,human
1362860816,human
626145415,human
2654044400,human
830276562,human
458464658,human
335395813,human
836479597,human
1684391718,human
294715157,human
420766819,human
368610769,human
71318808,human
2480413705,human
24847353,human
18383161,human
38208868,human
219910707,human
469760228,human
44857059,human
2907579835,human
259067734,human
1083552643,human
907187028,human
927653365,human
2223355820,human
212261532,human
53188032,human
16570956,human
1326876974,human
2554790467,human
3312192048,human
2292143083,human
460688792,human
552556484,human
15092225,human
977161033,human
1071604010,human
2325291331,human
364545427,human
264296460,human
2826791273,human
572838091,human
65401664,human
372612403,human
2429671352,human
759916501,human
783908516,human
805436466,human
2914307568,human
807862398,human
3365209246,human
4238472515,human
910031928,human
147458525,human
1621413638,human
1583016193,human
805531376,human
117928569,human
2965844794,human
3637105998,human
2767502085,human
286126462,human
1624682809,human
338254192,human
112619155,human
2223199237,human
258228815,human
898732788,human
32364630,human
3023077420,human
737734728,human
3943702392,human
2297015419,human
2334993099,human
29434783,human
1377305161,human
807860436,human
111354647,human
494294647,human
2419662654,human
17304859,human
86125841,human
2532804864,human
2185043622,human
366147882,human
2580511047,human
2889365683,human
24152503,human
241278533,human
343951197,human
157436186,human
262146488,human
2393726047,human
572204901,human
154773766,human
21637115,human
4179350774,human
42893178,human
13089332,human
2997568550,human
3246120194,human
491569908,human
562357919,human
948150980,human
369911039,human
1495947138,human
1920007904,human
1431480199,human
55963258,human
404612694,human
366806549,human
513406783,human
39661642,human
3028997653,human
16484978,human
3287818560,human
362710054,human
2661524223,human
883813284,human
3318409255,human
26133560,human
2485859611,human
1387135098,human
56109876,human
774828691,human
1668149720,human
486123433,human
182592178,human
1838636550,human
2978583408,human
143476840,human
3534004638,human
332959611,human
3143061484,human
31648644,human
3286321634,human
1629520862,human
1478061896,human
566513150,human
2771923762,human
46928242,human
286812376,human
37885587,human
2307249169,human
246456146,human
806307024,human
614467617,human
2562353909,human
415848343,human
13253,human
1607282875,human
428238559,human
2332555379,human
1320158370,human
72648886,human
2641735739,human
116663132,human
125218383,human
2707450740,human
233753182,human
3329528505,human
325993661,human
998131124,human
116262962,human
2825004866,human
2190346595,human
414640283,human
470005979,human
301747825,human
2615535057,human
4451757672,human
478622315,human
45161016,human
211646733,human
526581925,human
2200132293,human
2943664510,human
58614620,human
269102797,human
32348838,human
35720864,human
184022143,human
307219650,human
302087933,human
388589094,human
1691697900,human
1372316628,human
3265353439,human
2532135561,human
3237515738,human
73506786,human
21605503,human
2756242935,human
265196636,human
3887070673,human
537841059,human
21539881,human
2635905766,human
61694837,human
724907522,human
495283255,human
378570257,human
383312226,human
633817553,human
459781352,human
629919354,human
40776090,human
853990454,human
137846738,human
2304042805,human
41458916,human
88930901,human
3246372020,human
3399388330,human
143153117,human
570601271,human
1226091284,human
1045929434,human
250951747,human
3280135166,human
235417676,human
28366268,human
3341702352,human
103863704,human
4116007695,human
164438347,human
3382678798,human
2714432840,human
99127860,human
458632493,human
31523146,human
476496615,human
492516531,human
381523148,human
312366071,human
2381148548,human
993056972,human
2300173172,human
71379711,human
244733954,human
3256443385,human
981192584,human
2799034437,human
555619075,human
4266998195,human
16605976,human
374592230,human
2960017537,human
541144807,human
29021288,human
4203016035,human
329361249,human
117030671,human
2595483597,human
3134399143,human
2926289298,human
490535839,human
349342823,human
290152391,human
3061671511,human
428140124,human
237345391,human
416802154,human
1901195994,human
264184449,human
383628985,human
1658632219,human
22293055,human
91665181,human
1276337329,human
213983750,human
19646481,human
211044804,human
2602920025,human
447918615,human
349991500,human
1964221856,human
30731587,human
2391776040,human
122203009,human
283010533,human
175473603,human
605671261,human
3317839639,human
2969049684,human
2893783443,human
90756949,human
598652078,human
297526355,human
170054766,human
24095027,human
343743987,human
2980536597,human
82223420,human
305680208,human
525801620,human
304393027,human
2467783618,human
19191388,human
965192557,human
3342780699,human
2903963259,human
138449260,human
221404952,human
3288028291,human
496599427,human
54149147,human
274553355,human
35616416,human
320984413,human
254738601,human
1635760326,human
15830412,human
2377559323,human
895349876,human
277538177,human
87912354,human
52166325,human
2484866839,human
53863574,human
50957441,human
102659558,human
3197629148,human
18764906,human
213490843,human
183638275,human
3017822828,human
59858324,human
165577958,human
824292696,human
528899905,human
2646299108,human
1902145598,human
24162790,human
3234273907,human
163237819,human
1434623629,human
331257657,human
295722548,human
369679642,human
4068221660,human
326193805,human
4494944719,human
83991923,human
1177471489,human
96413639,human
2188155468,human
1669188732,human
3439123665,human
122428644,human
40719925,human
230488919,human
10145612,human
2792443824,human
389890902,human
601942084,human
1399838978,human
1400849420,human
3100554872,human
77393163,human
1558984046,human
393686282,human
343938801,human
2377771243,human
448997280,human
2285982638,human
65112161,human
1420124136,human
2938689871,human
2998946906,human
29341989,human
2415811314,human
335376027,human
76660066,human
813844694,human
970585998,human
257640074,human
279369388,human
62688517,human
82741018,human
2168808080,human
39288051,human
1395091087,human
1036593168,human
3163002619,human
722942581,human
403194297,human
463503341,human
1097557525,human
1949052924,human
2904616336,human
17113309,human
1326731076,human
346695129,human
2923333680,human
362075658,human
2853126860,human
4264220174,human
1723166832,human
371672020,human
340313456,human
56815813,human
459585992,human
78350498,human
400008688,human
464399942,human
20044700,human
295260968,human
3020613483,human
4141747640,human
473417503,human
65125734,human
350858952,human
386642514,human
901166336,human
186325236,human
2707267460,human
1523630317,human
833985422,human
24883323,human
706926695,human
450228840,human
22563955,human
1925362728,human
3017295547,human
413651314,human
2877305570,human
132457819,human
283247473,human
3100871091,human
2957034817,human
285982633,human
20518539,human
58480088,human
1656623762,human
130663000,human
24215001,human
2282003642,human
2844553761,human
2302078086,human
131340008,human
956717191,human
776337842,human
2226246259,human
1152573698,human
2624196785,human
23084541,human
25507308,human
757937941,human
505049911,human
3184878138,human
610710862,human
296868795,human
574607606,human
3017831314,human
59176333,human
4087003520,human
263017192,human
3304675964,human
242201256,human
78542892,human
21840345,human
495273264,human
327164781,human
28345809,human
3302563069,human
191361825,human
29054783,human
3087722102,human
122721332,human
56138069,human
2328200156,human
286059321,human
1148460439,human
1349424516,human
4166710393,human
352909198,human
3031785331,human
143599785,human
16398533,human
16551714,human
44321730,human
2248842775,human
377034315,human
4419831,human
585093752,human
484523311,human
751144658,human
26604578,human
500934727,human
342475904,human
432190936,human
2771573990,human
2406102160,human
23827203,human
437685097,human
424683689,human
3319872952,human
246128588,human
2979585982,human
316834494,human
238762609,human
1386010838,human
3148380487,human
2356733935,human
2393217979,human
208315979,human
3280081015,human
18625001,human
1566151250,human
1268044255,human
443030647,human
2161551948,human
122034494,human
242684340,human
385216443,human
301233131,human
2972708023,human
29910264,human
1105238581,human
1601475798,human
293270608,human
171958370,human
2561662830,human
624254213,human
228918333,human
143448270,human
532157179,human
2538555508,human
2257653253,human
267031038,human
2376273800,human
122484275,human
52474890,human
2948062269,human
2878751931,human
384494633,human
1468771094,human
254607817,human
602315322,human
50523916,human
2411403787,human
2642657543,human
2916420536,human
210688242,human
28706697,human
18353044,human
342682560,human
2489810894,human
3308496744,human
494002234,human
2966578566,human
3418250561,human
319512145,human
11142362,human
1438143824,human
64037571,human
354993844,human
3298120789,human
3292981394,human
1544469848,human
2763354004,human
2894251059,human
359667189,human
360783926,human
3170243955,human
51153998,human
1220305290,human
122483591,human
3373740826,human
46467001,human
2156588279,human
21965624,human
275198963,human
3291410337,human
2434929810,human
1264637672,human
107069240,human
168111378,human
188336574,human
332810948,human
222967641,human
1134125707,human
147369259,human
25865004,human
4466334914,human
474730375,human
887282149,human
452533162,human
102982202,human
2846410981,human
549875410,human
34053569,human
544799064,human
184899969,human
493596397,human
414145712,human
77756581,human
160352926,human
260544490,human
1920847813,human
239124943,human
14366543,human
3386628340,human
264046995,human
2370725665,human
268366600,human
52053744,human
139794816,human
2339717389,human
43126168,human
95491862,human
2985852925,human
258574901,human
3604991185,human
4046753309,human
221602981,human
22633646,human
50785046,human
811709832,human
3591041893,human
61860520,human
110308877,human
2894295673,human
439251931,human
376482052,human
255797289,human
87302683,human
2718570906,human
2597987064,human
4499219135,human
181069272,human
1254516558,human
1479981978,human
259168509,human
14318328,human
2177256041,human
913305372,human
541959150,human
318924291,human
410403665,human
345813518,human
20707070,human
1427698556,human
297360587,human
548480809,human
19169423,human
359980404,human
128650635,human
599728356,human
513880677,human
2468059238,human
547336911,human
16931320,human
2363458729,human
2816242513,human
3304276168,human
2458401698,human
3321861183,human
30543716,human
3758458213,human
3800533754,human
806424366,human
3284518242,human
76654598,human
2162839953,human
1470186901,human
2669223349,human
3385862362,human
475175670,human
178794231,human
439163758,human
1669422294,human
890059946,human
3324245616,human
274002752,human
192180117,human
2476208768,human
2532837963,human
298542616,human
2309170459,human
605377564,human
2218376174,human
2874620795,human
299441986,human
3312511473,human
256106476,human
294879678,human
211099583,human
2451649658,human
1599782558,human
3901036876,human
412798449,human
232164623,human
2736673189,human
3200944072,human
906425923,human
55864197,human
1467803281,human
951259362,human
491830506,human
86026453,human
72334487,human
456717176,human
3180501039,human
378278231,human
135554110,human
523521363,human
2855099577,human
1475262986,human
2334424716,human
3038365989,human
229851130,human
2545978907,human
3006064373,human
57269454,human
2332729243,human
956829350,human
3297753431,human
27165736,human
253191835,human
217615594,human
1832476196,human
3179001127,human
3158451774,human
944670684,human
4161025282,human
283021457,human
1411627010,human
842196122,human
3823984878,human
2584074131,human
342299536,human
3289576129,human
775081178,human
131788043,human
276600808,human
275519511,human
3409237067,human
96594090,human
1132776360,human
502884785,human
2778671666,human
2310333698,human
3307702109,human
265536304,human
595089709,human
2861200834,human
42267914,human
2273637470,human
31338179,human
300196108,human
134352450,human
284885130,human
16378198,human
2381167620,human
2898091814,human
2451028326,human
83314414,human
355033937,human
2687837135,human
1571050015,human
3122666452,human
2818051585,human
618691716,human
15298125,human
2193190099,human
2935539711,human
1662847039,human
3262844611,human
2769935615,human
42185151,human
108113443,human
3225319816,human
2881514381,human
2874240426,human
110482331,human
561845963,human
1622929628,human
55291753,human
1035036276,human
219487526,human
2706507917,human
2675222804,human
1117291927,human
3062470474,human
587931107,human
314278850,human
567106691,human
476552395,human
429540304,human
365765069,human
2302133180,human
3283400828,human
1053216716,human
1556652942,human
43408062,human
14516139,human
3192686232,human
30120790,human
710259321,human
521967652,human
1013680844,human
2558700766,human
69729809,human
3438727318,human
80459395,human
514391206,human
2766841169,human
301574190,human
1411838132,human
1682374855,human
1091396210,human
357961117,human
245287897,human
589022162,human
280306114,human
3290371982,human
35333038,human
1299060607,human
39566167,human
338031335,human
1965375458,human
2827142990,human
1532869387,human
967983056,human
2283543823,human
2428098101,human
625824646,human
266866249,human
1526209446,human
1482339860,human
84685887,human
421503762,human
1915824116,human
164928789,human
35850114,human
52792194,human
394135675,human
1663901928,human
263395921,human
230686637,human
64596170,human
41223975,human
2290731793,human
2930952618,human
40291871,human
1623843493,human
155045032,human
3108634166,human
476264444,human
17588849,human
354772361,human
1027167481,human
28408224,human
2737327082,human
1495120194,human
29041319,human
1057573068,human
341689331,human
44324787,human
1301640848,human
2159938476,human
283914149,human
317005888,human
557842655,human
271004201,human
2977717281,human
24672033,human
3082505088,human
3242431857,human
884743057,human
1733822028,human
360818412,human
196434444,human
3068425183,human
3944737160,human
869559654,human
609363218,human
1624821542,human
14653089,human
3163287565,human
64585874,human
402976909,human
3653537653,human
127251210,human
3325432584,human
573956150,human
108726852,human
199911832,human
3341339795,human
114377056,human
383785250,human
2840542213,human
2307431036,human
2375973638,human
1723891957,human
61615934,human
2922268353,human
620191805,human
2788405899,human
3141216486,human
1105801358,human
318768709,human
597507225,human
4066646536,human
2243245631,human
3676578139,human
3180093456,human
181152803,human
3065286044,human
29330112,human
152199140,human
968059567,human
67365983,human
1062421026,human
202425971,human
84936856,human
136633988,human
889730977,human
756782954,human
1317009564,human
17522173,human
2514678910,human
2777859517,human
3726874400,human
2261845596,human
1054224655,human
2857420840,human
630922308,human
938106985,human
274556648,human
635901939,human
382525185,human
84089194,human
48566699,human
996130794,human
255310143,human
2470783608,human
838091869,human
1433998988,human
279374398,human
325993830,human
79928314,human
332738908,human
3318512601,human
2254221422,human
2972584505,human
875001590,human
42752719,human
1442867772,human
619744784,human
3953332753,human
37307990,human
255373617,human
249873915,human
1226470194,human
465153276,human
137141362,human
962688391,human
458257566,human
172393943,human
301465096,human
397494847,human
4027111173,human
16031124,human
20774528,human
18231565,human
743515418,human
3528641237,human
18433843,human
184273398,human
486893755,human
1917806245,human
158043419,human
498477816,human
55772674,human
176048108,human
48964118,human
21527205,human
167784791,human
400571750,human
112090178,human
603691239,human
23295435,human
23622114,human
1669774705,human
4194644729,human
3019448191,human
309324061,human
2218930639,human
471179765,human
2891994706,human
604710704,human
2178486371,human
2462856456,human
265738935,human
3164310097,human
2362930014,human
1590506935,human
400802777,human
3386567578,human
30425284,human
368675577,human
2904622445,human
357916018,human
227400559,human
360991366,human
3875295622,human
372274501,human
770831810,human
44973440,human
222925976,human
878449580,human
50797260,human
3348306022,human
543401851,human
341691332,human
138161380,human
603243453,human
1191284419,human
716391404,human
42320058,human
3378450059,human
350425032,human
2398376146,human
218432384,human
83994707,human
562984758,human
2819015299,human
570479207,human
880761,human
406727193,human
123228144,human
326078925,human
475316805,human
369223407,human
94896901,human
4516415180,human
165624209,human
279285305,human
3154437062,human
3290944969,human
426628579,human
312871730,human
165062420,human
183917094,human
523653988,human
3847320734,human
24910515,human
1372574677,human
220851636,human
383772562,human
1373336288,human
2493733838,human
3669091452,human
3599869394,human
5743432,human
94802265,human
139382900,human
2364414488,human
194981182,human
232259317,human
1514599567,human
623407119,human
306408194,human
2257630110,human
338286563,human
244530155,human
3930997512,human
533885079,human
2202170310,human
2982601051,human
2320645218,human
202602943,human
553842839,human
57616787,human
1518993158,human
1574855022,human
1446851233,human
3271063357,human
299817723,human
341146276,human
1866103464,human
493038766,human
2641211740,human
230348092,human
3035713849,human
739043384,human
53524603,human
4041856334,human
594729748,human
1296960961,human
16192823,human
1425134526,human
331930998,human
2227215693,human
2284523251,human
2204845260,human
183945419,human
2166281273,human
2693708832,human
633428724,human
2211596977,human
237058205,human
2369454025,human
1523642533,human
2198357449,human
2431387897,human
387963785,human
37066636,human
3496371972,human
545881939,human
2459806663,human
108808263,human
218474212,human
2734133342,human
160302029,human
382361714,human
3528645202,human
1686033637,human
